"id","distance","movingTime","elapsedTime","startDate","averageSpeed","totalElevationGain"
"214144762","3533.4","PT22M54S","PT24M4S","2014-11-01T11:01:35Z","2.572","0"
"214959724","3465.8","PT22M55S","PT23M40S","2014-11-03T06:15:07Z","2.521","0"
"215686507","4036.7","PT26M55S","PT27M45S","2014-11-05T06:15:28Z","2.5","10"
"216285476","3731","PT25M9S","PT25M58S","2014-11-06T20:50:53Z","2.472","0"
"216767786","4113.9","PT25M49S","PT26M5S","2014-11-08T11:16:46Z","2.656","0"
"217479126","4555.5","PT24M46S","PT25M1S","2014-11-09T20:03:25Z","3.066","0"
"217617177","4154.7","PT29M39S","PT30M34S","2014-11-10T06:08:57Z","2.335","0"
"218368082","3322.7","PT22M10S","PT22M59S","2014-11-12T06:30:20Z","2.498","0"
"219337301","3087.6","PT18M5S","PT19M46S","2014-11-15T09:16:16Z","2.846","0"
"221161684","2781.3","PT17M1S","PT17M8S","2014-11-20T06:12:11Z","2.724","0"
"221809760","3088.5","PT22M4S","PT26M3S","2014-11-22T08:38:51Z","2.333","0"
"222626488","3274.3","PT22M11S","PT22M43S","2014-11-24T06:30:01Z","2.46","0"
"223310360","3810","PT22M52S","PT23M5S","2014-11-26T06:16:40Z","2.777","0"
"223964715","3540.5","PT20M45S","PT20M50S","2014-11-28T06:18:29Z","2.844","0"
"224287690","4136","PT22M20S","PT22M24S","2014-11-29T09:02:46Z","3.087","10"
"225073326","4671.4","PT26M35S","PT26M35S","2014-12-01T06:15:21Z","2.929","0"
"225727092","4703.9","PT28M18S","PT28M30S","2014-12-03T06:16:27Z","2.77","10"
"226351235","3862.1","PT22M58S","PT22M58S","2014-12-05T07:59:15Z","2.803","0"
"236154108","3311.7","PT18M40S","PT18M45S","2015-01-03T16:09:56Z","2.957","37"
"236824674","3274.8","PT17M38S","PT17M45S","2015-01-04T21:16:35Z","3.095","0"
"239046050","3294.8","PT18M41S","PT18M51S","2015-01-10T09:29:37Z","2.939","0"
"239517993","3382.5","PT22M50S","PT25M11S","2015-01-11T10:05:09Z","2.469","0"
"240409089","5331.1","PT30M54S","PT31M19S","2015-01-13T06:30Z","2.875","11"
"241463342","3336.9","PT24M8S","PT24M56S","2015-01-15T19:07:10Z","2.304","0"
"242144338","3801.3","PT27M4S","PT30M29S","2015-01-17T12:24:34Z","2.341","0"
"242950256","4829.5","PT26M15S","PT28M41S","2015-01-18T20:49:41Z","3.066","10"
"243496357","3584.3","PT22M18S","PT22M18S","2015-01-20T06:19:01Z","2.679","0"
"244807161","3292.2","PT19M43S","PT19M59S","2015-01-23T06:12Z","2.783","0"
"246304719","3564","PT20M42S","PT20M42S","2015-01-26T06:17:52Z","2.87","10"
"247618692","3213.6","PT19M59S","PT20M20S","2015-01-29T06:14:36Z","2.68","0"
"249370481","3237.6","PT18M43S","PT18M53S","2015-02-02T06:20:26Z","2.883","0"
"250418374","4913.2","PT27M44S","PT27M55S","2015-02-04T19:45:41Z","2.953","10"
"250995755","3539.8","PT19M48S","PT19M53S","2015-02-06T06:16:41Z","2.98","11"
"252314112","4480.4","PT24M56S","PT25M7S","2015-02-08T21:02:19Z","2.995","11"
"252867318","3404.1","PT24M21S","PT25M51S","2015-02-10T06:14:12Z","2.33","0"
"253329629","3850.1","PT22M37S","PT22M53S","2015-02-11T06:12:02Z","2.837","0"
"253771215","3240.8","PT19M30S","PT19M50S","2015-02-12T06:04:47Z","2.77","0"
"254687402","3908.5","PT21M31S","PT21M39S","2015-02-14T13:12:14Z","3.027","0"
"255620169","3287.1","PT19M7S","PT19M26S","2015-02-16T06:16:29Z","2.866","0"
"256740339","3261.2","PT17M23S","PT17M23S","2015-02-18T18:48:15Z","3.127","10"
"257342074","4689.6","PT27M44S","PT28M6S","2015-02-20T06:19:37Z","2.818","11"
"258099568","3203.2","PT15M40S","PT15M40S","2015-02-21T22:42:34Z","3.408","0"
"258746210","3983.8","PT23M47S","PT23M53S","2015-02-23T06:19:13Z","2.792","0"
"259558400","3116.1","PT17M48S","PT17M55S","2015-02-25T06:18:39Z","2.918","0"
"260394785","3185.8","PT18M44S","PT18M55S","2015-02-27T06:28:46Z","2.834","10"
"262266790","3176.7","PT19M25S","PT19M31S","2015-03-03T06:07:40Z","2.727","0"
"263460240","2694.9","PT14M53S","PT14M53S","2015-03-05T19:55:27Z","3.018","0"
"264722363","3326.8","PT23M23S","PT26M13S","2015-03-08T10:25:45Z","2.371","0"
"265789970","3348.8","PT19M40S","PT19M50S","2015-03-10T06:12:26Z","2.838","10"
"266845783","3261.6","PT24M7S","PT24M11S","2015-03-12T06:33:18Z","2.254","10"
"268166617","4866.2","PT26M56S","PT27M","2015-03-14T19:49:43Z","3.011","12"
"268970858","4620.6","PT27M47S","PT28M3S","2015-03-16T06:15:24Z","2.772","12"
"270548237","3864","PT21M53S","PT22M17S","2015-03-19T06:30:48Z","2.943","12"
"272580587","3315.3","PT18M18S","PT18M23S","2015-03-22T20:47:53Z","3.019","10"
"273210240","3604.1","PT20M26S","PT20M31S","2015-03-24T06:42:37Z","2.94","10"
"274556200","3301.9","PT18M55S","PT19M11S","2015-03-26T22:06:21Z","2.909","10"
"275515144","3653.2","PT19M41S","PT20M51S","2015-03-28T20:10:42Z","3.093","10"
"276265146","3834","PT22M59S","PT23M23S","2015-03-30T06:23:23Z","2.78","0"
"277786711","3595.7","PT24M53S","PT25M29S","2015-04-02T06:25:59Z","2.408","10"
"279541584","3560.1","PT19M24S","PT19M28S","2015-04-05T11:28:15Z","3.059","10"
"280701501","3531.6","PT20M33S","PT20M33S","2015-04-07T06:16:48Z","2.864","10"
"281894408","3264.7","PT19M36S","PT19M41S","2015-04-09T06:37:50Z","2.776","0"
"284239129","3716.4","PT24M3S","PT37M49S","2015-04-12T20:09Z","2.575","22"
"288692033","2341.5","PT13M22S","PT17M48S","2015-04-19T19:12:16Z","2.92","0"
"288941177","3553.7","PT20M23S","PT20M28S","2015-04-20T06:38:36Z","2.906","10"
"290214380","2946.9","PT18M56S","PT22M10S","2015-04-22T06:13:22Z","2.594","0"
"291477091","3309.9","PT19M27S","PT21M11S","2015-04-24T06:29:12Z","2.836","0"
"293001012","4390.8","PT22M44S","PT24M12S","2015-04-26T16:36:52Z","3.219","0"
"293376830","4805.7","PT26M37S","PT26M52S","2015-04-27T06:15Z","3.009","11"
"294596757","3161.1","PT18M16S","PT18M23S","2015-04-29T06:23:46Z","2.884","10"
"295778391","3335.9","PT18M14S","PT18M31S","2015-05-01T06:24:52Z","3.049","10"
"298127025","3631.3","PT19M15S","PT19M43S","2015-05-04T18:15:44Z","3.144","0"
"299029250","3225.6","PT18M12S","PT18M12S","2015-05-06T06:31:47Z","2.954","10"
"302211135","3526.9","PT20M20S","PT20M20S","2015-05-11T06:21:02Z","2.891","10"
"303491042","4534.6","PT26M4S","PT26M35S","2015-05-13T06:12:22Z","2.899","11"
"304804480","3085.1","PT17M15S","PT17M32S","2015-05-15T06:26:15Z","2.981","0"
"306829037","3608.5","PT19M29S","PT19M36S","2015-05-18T06:18:54Z","3.087","10"
"308002334","2957.7","PT20M49S","PT22M27S","2015-05-20T06:29:35Z","2.368","0"
"309255343","3660.7","PT19M29S","PT19M36S","2015-05-22T06:22:19Z","3.131","0"
"311247071","4274.1","PT24M40S","PT25M4S","2015-05-25T07:26:57Z","2.888","0"
"312629236","3285","PT19M10S","PT20M7S","2015-05-27T05:46:33Z","2.857","0"
"313960125","3703.1","PT20M40S","PT20M54S","2015-05-29T05:47:16Z","2.986","0"
"315302070","3708.3","PT18M52S","PT19M9S","2015-05-31T10:12:13Z","3.276","0"
"315983584","2296.8","PT11M40S","PT11M59S","2015-06-01T06:44:48Z","3.281","0"
"317170464","3268.4","PT19M10S","PT19M26S","2015-06-03T05:44:59Z","2.842","0"
"318611284","3532.6","PT20M4S","PT20M9S","2015-06-05T05:40:32Z","2.934","0"
"320864456","3066.2","PT16M54S","PT17M10S","2015-06-08T06:22:19Z","3.024","0"
"322228975","3582","PT20M42S","PT20M53S","2015-06-10T06:17:33Z","2.884","0"
"323685457","4288.5","PT22M28S","PT23M19S","2015-06-12T05:39:26Z","3.181","0"
"325522466","1827.1","PT12M21S","PT13M17S","2015-06-14T19:44:02Z","2.466","0"
"327083273","3696.9","PT21M2S","PT21M53S","2015-06-17T06:10:01Z","2.929","0"
"328562365","3778.5","PT22M8S","PT22M42S","2015-06-19T12:42:51Z","2.845","0"
"330763357","1580.6","PT10M49S","PT11M42S","2015-06-22T18:47:30Z","2.435","0"
"331752568","3841.6","PT23M28S","PT23M40S","2015-06-24T05:43:18Z","2.728","0"
"333148420","4575.6","PT25M9S","PT25M19S","2015-06-26T05:38:56Z","3.032","0"
"335005161","4142.1","PT20M39S","PT20M39S","2015-06-28T19:43:43Z","3.343","0"
"335904018","4419.8","PT24M59S","PT25M8S","2015-06-30T05:44:53Z","2.948","11"
"337335650","4678.2","PT26M17S","PT26M49S","2015-07-02T05:34:55Z","2.967","0"
"339806090","4360.9","PT20M31S","PT20M31S","2015-07-05T18:58:30Z","3.543","0"
"340728577","4368.8","PT22M35S","PT22M49S","2015-07-07T06:10:29Z","3.224","10"
"342121969","4152.9","PT21M2S","PT21M7S","2015-07-09T06:11:14Z","3.291","0"
"343596218","4036.4","PT21M15S","PT21M19S","2015-07-11T11:13:48Z","3.166","0"
"344984661","3352.2","PT23M1S","PT23M18S","2015-07-13T06:33:01Z","2.427","0"
"346359092","3927.4","PT22M40S","PT22M44S","2015-07-15T06:19:48Z","2.888","11"
"347792966","3624.7","PT18M8S","PT18M19S","2015-07-17T06:19:11Z","3.332","10"
"349740342","3802.2","PT24M57S","PT25M44S","2015-07-19T20:53:05Z","2.54","0"
"350588857","4189.4","PT23M7S","PT23M20S","2015-07-21T06:10:37Z","3.02","0"
"352092985","5078.4","PT26M16S","PT26M25S","2015-07-23T05:47:43Z","3.222","11"
"354782663","3126.5","PT15M1S","PT15M18S","2015-07-26T21:23:56Z","3.47","10"
"358183099","4334.5","PT28M58S","PT33M40S","2015-07-31T19:14:57Z","2.494","0"
"359326450","3970.4","PT18M42S","PT19M42S","2015-08-02T11:20:14Z","3.539","0"
"360776181","3485.4","PT20M43S","PT21M21S","2015-08-04T06:08:22Z","2.804","0"
"362298651","4310.7","PT25M9S","PT26M6S","2015-08-06T06:15:55Z","2.857","11"
"365559572","3968.7","PT22M15S","PT22M22S","2015-08-10T06:09:53Z","2.973","0"
"367026110","4726.8","PT27M54S","PT27M58S","2015-08-12T06:02:40Z","2.824","11"
"368582396","3514.6","PT21M18S","PT21M18S","2015-08-14T06:09:59Z","2.75","0"
"370830181","4169.1","PT23M33S","PT23M47S","2015-08-17T06:08:15Z","2.951","0"
"372319195","3650.4","PT21M36S","PT22M21S","2015-08-19T06:17:10Z","2.817","0"
"373842213","4368.6","PT25M5S","PT25M16S","2015-08-21T06:22Z","2.903","0"
"396837643","3673.1","PT26M15S","PT27M26S","2015-09-21T06:13:27Z","2.332","0"
"398289111","3208.4","PT22M45S","PT23M14S","2015-09-23T06:19:58Z","2.35","10"
"399640049","3411.2","PT20M12S","PT20M44S","2015-09-25T06:31:43Z","2.815","0"
"401856968","3942.1","PT23M28S","PT23M47S","2015-09-28T06:22:44Z","2.8","0"
"403213176","2925.7","PT18M","PT18M13S","2015-09-30T06:10:25Z","2.709","0"
"404527944","3272","PT18M8S","PT18M8S","2015-10-02T05:39:58Z","3.007","10"
"406665564","4753.6","PT27M47S","PT28M42S","2015-10-05T06:15:17Z","2.852","11"
"407930503","3230.3","PT18M2S","PT18M21S","2015-10-07T06:18:34Z","2.985","0"
"409227376","3388.8","PT17M8S","PT17M17S","2015-10-09T05:47Z","3.296","10"
"421107308","2918.5","PT17M17S","PT17M35S","2015-10-27T06:15:28Z","2.814","0"
"422876585","3307.9","PT18M28S","PT18M38S","2015-10-30T05:32:42Z","2.985","11"
"424891427","3245.3","PT18M31S","PT18M31S","2015-11-02T05:24:25Z","2.921","10"
"426145404","3982.5","PT23M5S","PT23M23S","2015-11-04T06:23:11Z","2.875","11"
"427333036","3370.5","PT18M13S","PT18M34S","2015-11-06T06:15:29Z","3.084","10"
"429903490","3202.6","PT18M41S","PT19M2S","2015-11-10T06:07:28Z","2.857","11"
"431170682","4649.6","PT25M40S","PT25M40S","2015-11-12T05:05:03Z","3.019","0"
"433003360","3293.6","PT23M9S","PT23M33S","2015-11-15T10:19:20Z","2.371","10"
"434202244","4255.9","PT23M43S","PT23M56S","2015-11-17T05:43:10Z","2.991","0"
"435327373","3381.2","PT18M55S","PT19M13S","2015-11-19T05:58:45Z","2.979","0"
"436721473","2987.2","PT20M13S","PT20M40S","2015-11-21T17:06:43Z","2.463","0"
"437791337","3560.4","PT20M38S","PT20M52S","2015-11-23T06:07:33Z","2.876","12"
"438950146","3757.5","PT20M39S","PT20M57S","2015-11-25T06:06:51Z","3.033","0"
"440088621","3414.8","PT19M8S","PT19M12S","2015-11-27T06:10:42Z","2.975","0"
"440669844","3979.6","PT19M31S","PT21M2S","2015-11-28T10:39:23Z","3.398","10"
"441838027","2977.3","PT16M46S","PT16M46S","2015-11-30T06:08:41Z","2.96","0"
"442908414","4422.6","PT26M21S","PT26M30S","2015-12-02T06:13Z","2.797","0"
"443994310","2794.7","PT20M4S","PT20M38S","2015-12-04T06:10:44Z","2.321","0"
"445821902","3164.6","PT18M29S","PT18M34S","2015-12-07T06:04:59Z","2.854","10"
"447006886","3285.9","PT19M5S","PT19M5S","2015-12-09T05:50:33Z","2.87","10"
"448107862","3451.9","PT18M16S","PT18M16S","2015-12-11T06:16:21Z","3.15","11"
"449887650","3460.9","PT17M57S","PT18M4S","2015-12-14T05:46:47Z","3.213","10"
"450958923","3298","PT18M4S","PT18M24S","2015-12-16T05:39:53Z","3.042","0"
"452093938","3187.2","PT17M21S","PT17M21S","2015-12-18T10:25:59Z","3.062","10"
"453673335","4765.5","PT25M56S","PT25M56S","2015-12-20T21:22:35Z","3.063","10"
"455461182","3554.1","PT20M51S","PT20M55S","2015-12-24T11:20:26Z","2.841","10"
"456493071","5127.1","PT27M4S","PT27M14S","2015-12-26T11:48:28Z","3.157","0"
"458523592","6646.6","PT35M31S","PT36M4S","2015-12-29T09:49Z","3.119","0"
"459813565","9497.3","PT53M34S","PT55M14S","2015-12-31T08:45:25Z","2.955","37"
"461124609","10457.9","PT56M57S","PT59M41S","2016-01-02T08:42:47Z","3.061","30"
"462697350","5033.1","PT26M34S","PT26M42S","2016-01-04T06:35:58Z","3.158","37"
"464079496","4748.2","PT25M58S","PT26M7S","2016-01-06T06:12:24Z","3.048","0"
"465516403","5206.7","PT29M47S","PT29M57S","2016-01-08T06:16:54Z","2.914","11"
"467634177","10434.5","PT53M47S","PT56M20S","2016-01-10T18:48:47Z","3.233","22"
"468545948","5993.9","PT31M21S","PT31M56S","2016-01-12T06:07:42Z","3.187","0"
"469990998","6686.2","PT36M26S","PT36M52S","2016-01-14T06:10:23Z","3.059","19"
"471467618","10359.3","PT54M56S","PT56M52S","2016-01-16T12:33:28Z","3.143","62"
"472885684","5067.9","PT27M5S","PT27M13S","2016-01-18T06:24:23Z","3.119","11"
"474251483","3570.5","PT18M28S","PT18M28S","2016-01-20T06:28:17Z","3.222","10"
"475641130","3746.6","PT20M22S","PT20M42S","2016-01-22T06:34:01Z","3.066","12"
"477685061","7574.9","PT38M29S","PT40M29S","2016-01-24T18:35:56Z","3.281","0"
"478676416","5912.1","PT33M31S","PT34M2S","2016-01-26T06:09Z","2.94","0"
"480181703","5973.8","PT34M6S","PT34M47S","2016-01-28T06:09:01Z","2.92","0"
"482071203","6661.5","PT33M53S","PT34M6S","2016-01-30T18:47:27Z","3.277","0"
"483298071","4894.8","PT25M47S","PT25M47S","2016-02-01T06:12:45Z","3.164","0"
"484755830","5603.4","PT30M28S","PT31M12S","2016-02-03T06:14:24Z","3.065","0"
"486208347","3878.1","PT18M59S","PT19M8S","2016-02-05T06:15:52Z","3.405","0"
"487461868","5619.4","PT29M16S","PT29M55S","2016-02-06T20:05:23Z","3.2","0"
"489269499","5535.3","PT29M44S","PT30M4S","2016-02-09T06:10:03Z","3.103","36"
"491537805","4407.3","PT24M46S","PT25M47S","2016-02-12T06:16:31Z","2.966","32"
"493875908","4066.3","PT22M32S","PT22M32S","2016-02-15T06:13:20Z","3.008","35"
"495362292","5323.6","PT30M11S","PT30M34S","2016-02-17T06:16:45Z","2.94","34"
"496836660","5461.4","PT27M55S","PT28M10S","2016-02-19T06:22:46Z","3.261","55"
"500952088","6776.6","PT40M44S","PT41M25S","2016-02-24T05:29:29Z","2.773","31"
"502476219","3626.9","PT18M32S","PT18M48S","2016-02-26T05:24:51Z","3.262","28"
"504949607","5085","PT29M45S","PT30M4S","2016-02-28T21:18:31Z","2.849","39"
"505861196","4837.3","PT26M30S","PT26M39S","2016-03-01T05:36:52Z","3.042","25"
"507395399","5023.8","PT25M38S","PT26M2S","2016-03-03T05:35:25Z","3.266","28"
"510669810","3976.3","PT22M24S","PT22M28S","2016-03-07T05:26:34Z","2.959","36"
"512252350","4356.1","PT25M4S","PT25M18S","2016-03-09T05:34:45Z","2.896","28"
"513788173","3814.6","PT21M24S","PT21M41S","2016-03-11T05:33:41Z","2.971","20"
"516629968","4381.4","PT23M32S","PT23M43S","2016-03-14T05:25:40Z","3.103","38"
"518250212","6286.1","PT36M18S","PT37M6S","2016-03-16T05:25:23Z","2.886","48"
"519927558","4120.3","PT23M26S","PT23M35S","2016-03-18T05:31:06Z","2.931","27"
"522674802","4900.1","PT25M51S","PT25M56S","2016-03-21T05:26:06Z","3.159","33"
"524351324","4650.6","PT24M22S","PT24M32S","2016-03-23T05:36:10Z","3.181","34"
"525995053","6775.7","PT36M17S","PT36M53S","2016-03-25T07:19:50Z","3.112","61"
"527828098","7494.5","PT41M10S","PT43M34S","2016-03-27T07:24:18Z","3.034","73"
"529545660","5338","PT29M9S","PT31M3S","2016-03-29T05:29:42Z","3.052","43"
"531390665","5197","PT28M51S","PT28M58S","2016-03-31T05:27:50Z","3.002","56"
"533907093","7223.3","PT37M28S","PT37M28S","2016-04-02T21:42:31Z","3.213","82"
"535284883","4279.3","PT23M44S","PT23M44S","2016-04-04T05:36:30Z","3.005","33"
"537131642","6031.3","PT32M38S","PT32M38S","2016-04-06T05:29:07Z","3.08","62"
"538929666","7092.2","PT37M54S","PT38M","2016-04-08T05:29:05Z","3.119","79"
"540811705","9651.6","PT52M29S","PT54M5S","2016-04-10T08:26:55Z","3.065","114"
"543842308","5058.6","PT27M46S","PT27M46S","2016-04-12T05:26:29Z","3.036","33"
"544818124","5783.6","PT29M47S","PT29M55S","2016-04-14T05:23:22Z","3.236","34"
"548540883","2854.6","PT13M12S","PT13M12S","2016-04-17T19:18:05Z","3.604","23"
"548917147","5201.2","PT26M49S","PT27M3S","2016-04-18T05:27:23Z","3.233","55"
"550935247","5052","PT27M53S","PT27M53S","2016-04-20T05:26:51Z","3.02","44"
"556092957","4853.5","PT25M56S","PT26M1S","2016-04-25T05:32:02Z","3.119","33"
"558013855","5033","PT26M30S","PT27M35S","2016-04-27T08:35:07Z","3.165","26"
"560298641","5325.2","PT28M49S","PT29M36S","2016-04-29T21:38:01Z","3.08","34"
"562771382","4939.7","PT27M48S","PT28M7S","2016-05-02T07:17:55Z","2.961","33"
"564769431","4160.8","PT23M5S","PT23M11S","2016-05-04T05:34:06Z","3.004","0"
"566962831","5189.7","PT27M47S","PT27M47S","2016-05-06T05:43:44Z","3.113","33"
"570222288","5332.9","PT29M21S","PT29M59S","2016-05-09T05:24:20Z","3.028","44"
"572253272","4690.9","PT24M49S","PT26M15S","2016-05-11T05:30:34Z","3.15","18"
"574368755","6302.6","PT36M50S","PT37M43S","2016-05-13T05:28:33Z","2.852","24"
"577582060","4260.8","PT24M4S","PT24M35S","2016-05-16T05:21:32Z","2.951","29"
"579738492","6264.7","PT35M45S","PT38M40S","2016-05-18T05:30:59Z","2.921","44"
"581784839","4856.1","PT26M32S","PT27M7S","2016-05-20T05:35:58Z","3.05","28"
"584679632","4762.2","PT24M18S","PT25M8S","2016-05-22T18:18:26Z","3.266","15"
"586064748","2591.4","PT13M29S","PT13M46S","2016-05-24T05:29:34Z","3.203","0"
"588267993","4375.7","PT22M49S","PT22M53S","2016-05-26T05:37:16Z","3.196","16"
"592739315","1738.9","PT8M53S","PT9M5S","2016-05-30T09:52:07Z","3.262","12"
"594704795","4793.6","PT26M52S","PT28M4S","2016-06-01T05:22:16Z","2.974","14"
"596790774","5038.8","PT28M7S","PT29M44S","2016-06-03T05:22:51Z","2.987","29"
"599785881","5647.5","PT31M16S","PT31M54S","2016-06-05T19:47:49Z","3.01","41"
"603414805","5284","PT27M24S","PT28M20S","2016-06-09T05:57:54Z","3.214","11"
"606548637","5262.1","PT27M50S","PT30M3S","2016-06-12T08:04:29Z","3.151","24"
"608660177","6273.9","PT33M2S","PT33M6S","2016-06-14T05:25:16Z","3.165","38"
"610713369","6225.6","PT32M31S","PT32M53S","2016-06-16T05:19:49Z","3.191","28"
"613396655","7680","PT39M54S","PT40M52S","2016-06-18T21:12:27Z","3.208","43"
"614815599","4565.1","PT24M20S","PT24M43S","2016-06-20T05:26:09Z","3.127","14"
"616859287","4590.3","PT24M42S","PT24M48S","2016-06-22T05:32:44Z","3.097","32"
"619544411","4662.1","PT23M17S","PT23M59S","2016-06-24T19:10:45Z","3.337","14"
"621140621","5479.3","PT28M7S","PT28M32S","2016-06-26T10:14:58Z","3.248","30"
"623133782","4283","PT22M38S","PT22M50S","2016-06-28T05:22:57Z","3.154","13"
"625259087","4486.7","PT24M3S","PT24M12S","2016-06-30T05:24:19Z","3.109","23"
"627190461","8067.8","PT41M46S","PT42M32S","2016-07-02T08:14:20Z","3.219","31"
"629391493","4703.5","PT23M36S","PT23M42S","2016-07-04T05:15:45Z","3.322","19"
"631629483","5526.3","PT28M36S","PT29M4S","2016-07-06T05:51:44Z","3.22","19"
"633821620","4892.7","PT25M45S","PT26M38S","2016-07-08T06:01:26Z","3.167","23"
"636017697","7765.8","PT40M3S","PT40M50S","2016-07-10T09:58:17Z","3.232","59"
"638101635","4583.3","PT24M49S","PT26M3S","2016-07-12T05:22:44Z","3.078","22"
"640319413","6078","PT33M41S","PT34M22S","2016-07-14T06:10:29Z","3.007","40"
"642389257","3604","PT18M10S","PT18M46S","2016-07-16T12:38:35Z","3.306","0"
"644737287","3685.6","PT18M5S","PT18M24S","2016-07-18T09:49:38Z","3.397","0"
"647010070","4057.1","PT19M36S","PT20M13S","2016-07-20T09:31:16Z","3.45","0"
"649253963","4147.5","PT18M30S","PT18M30S","2016-07-22T09:18:37Z","3.736","0"
"651347772","5422.8","PT29M26S","PT30M52S","2016-07-24T09:44:10Z","3.071","48"
"653703601","5373.5","PT24M50S","PT25M26S","2016-07-26T09:25:07Z","3.606","0"
"655972280","5124.4","PT25M34S","PT27M33S","2016-07-28T07:20:29Z","3.341","143"
"658419374","3495.2","PT21M7S","PT23M27S","2016-07-30T16:50:57Z","2.759","31"
"660490191","3541.9","PT18M12S","PT18M36S","2016-08-01T08:41:20Z","3.243","0"
"663044380","5799.5","PT26M54S","PT27M55S","2016-08-03T16:16:23Z","3.593","0"
"665006485","6988.2","PT32M19S","PT32M27S","2016-08-05T08:11:21Z","3.604","0"
"668531118","3592.8","PT22M44S","PT23M27S","2016-08-08T09:27:32Z","2.634","0"
"669595856","3594.1","PT22M59S","PT23M39S","2016-08-09T07:58:22Z","2.606","0"
"671931978","5415.6","PT27M54S","PT29M","2016-08-11T05:27:17Z","3.235","18"
"676484424","5422.2","PT28M18S","PT28M42S","2016-08-15T05:28:29Z","3.193","28"
"678867198","6146.2","PT33M16S","PT33M59S","2016-08-17T05:26:20Z","3.079","27"
"681222620","5617.1","PT30M15S","PT30M52S","2016-08-19T05:26:07Z","3.095","33"
"684549800","4481.1","PT22M52S","PT23M13S","2016-08-22T05:53:23Z","3.266","29"
"686916219","4895.5","PT25M58S","PT26M31S","2016-08-24T05:16:13Z","3.142","30"
"689253219","5368.3","PT27M41S","PT28M22S","2016-08-26T05:19:22Z","3.232","32"
"692519040","3275.6","PT18M12S","PT18M37S","2016-08-28T20:26:17Z","3","0"
"693933681","5357.3","PT27M25S","PT27M43S","2016-08-30T06:16:08Z","3.257","30"
"696377532","5450.7","PT27M40S","PT29M4S","2016-09-01T06:15:31Z","3.284","28"
"698637709","6589.1","PT32M9S","PT32M9S","2016-09-03T09:41:20Z","3.416","29"
"701028873","4412.1","PT22M12S","PT22M27S","2016-09-05T06:35:29Z","3.312","19"
"703310116","6100.8","PT32M44S","PT33M21S","2016-09-07T06:22:28Z","3.106","43"
"705654919","4482.8","PT24M1S","PT24M33S","2016-09-09T06:33:28Z","3.111","27"
"708884753","5439.4","PT27M28S","PT27M52S","2016-09-11T19:05:43Z","3.301","19"
"710420681","6065.2","PT30M49S","PT31M6S","2016-09-13T06:25:58Z","3.28","40"
"712792122","4937.9","PT24M52S","PT25M4S","2016-09-15T06:32:59Z","3.31","20"
"717164767","5547.6","PT27M51S","PT27M51S","2016-09-18T21:19:57Z","3.32","27"
"718429706","4975","PT25M55S","PT26M42S","2016-09-20T06:30:31Z","3.199","33"
"720719198","5898","PT29M10S","PT29M22S","2016-09-22T06:31:04Z","3.37","35"
"723047544","5486.7","PT26M27S","PT27M29S","2016-09-24T12:18:15Z","3.457","29"
"725324379","5558.4","PT28M42S","PT29M22S","2016-09-26T06:22:29Z","3.228","37"
"727443942","5041.7","PT28M49S","PT28M49S","2016-09-28T06:22:08Z","2.916","34"
"729503887","6588.6","PT33M16S","PT33M41S","2016-09-30T06:36:04Z","3.301","35"
"732749383","4812.2","PT24M23S","PT24M35S","2016-10-03T06:28:22Z","3.289","29"
"734828185","5485.4","PT29M8S","PT29M20S","2016-10-05T06:33:38Z","3.138","18"
"736859728","4887.6","PT24M14S","PT24M34S","2016-10-07T06:33:36Z","3.361","33"
"739661281","5433.6","PT26M18S","PT26M45S","2016-10-09T17:56:50Z","3.443","36"
"741049453","5118.3","PT26M21S","PT26M54S","2016-10-11T05:45:31Z","3.237","34"
"743372244","6171.3","PT29M36S","PT30M49S","2016-10-13T05:29:58Z","3.475","0"
"745446802","6865.3","PT34M31S","PT36M24S","2016-10-15T07:40:43Z","3.315","0"
"747298415","4745.3","PT25M7S","PT26M12S","2016-10-17T06:44:10Z","3.149","28"
"749243438","5587.3","PT29M32S","PT30M19S","2016-10-19T06:30:14Z","3.153","39"
"751152597","4647.4","PT23M56S","PT24M13S","2016-10-21T06:37:15Z","3.236","34"
"753308359","6370.8","PT33M10S","PT33M33S","2016-10-23T11:22:09Z","3.201","35"
"755139027","5465.6","PT29M10S","PT29M19S","2016-10-25T05:22:05Z","3.123","44"
"757114146","5801","PT32M1S","PT32M1S","2016-10-27T05:19:19Z","3.02","29"
"759672679","5382.7","PT26M55S","PT26M55S","2016-10-29T19:52:12Z","3.333","34"
"761249130","5297.4","PT26M54S","PT26M54S","2016-10-31T05:16:02Z","3.282","29"
"763323554","6446.9","PT33M51S","PT33M51S","2016-11-02T05:39:52Z","3.174","41"
"768143137","5343.6","PT27M13S","PT27M17S","2016-11-06T19:55:31Z","3.272","39"
"773051708","6339","PT32M41S","PT33M10S","2016-11-12T11:38:12Z","3.233","34"
"774982531","5552","PT29M9S","PT29M33S","2016-11-14T05:32:49Z","3.174","39"
"776809331","5732.2","PT31M37S","PT32M26S","2016-11-16T05:25:15Z","3.022","41"
"778612832","5695.5","PT29M1S","PT29M1S","2016-11-18T05:31:48Z","3.271","38"
"781067135","7273.5","PT36M38S","PT37M22S","2016-11-20T17:30:59Z","3.309","58"
"782212837","6228.6","PT34M20S","PT34M20S","2016-11-22T05:30:39Z","3.024","28"
"783999955","6150","PT33M47S","PT34M42S","2016-11-24T05:18:06Z","3.034","52"
"785789067","7697.7","PT38M39S","PT39M9S","2016-11-26T09:35:02Z","3.319","38"
"787724089","6570.1","PT35M9S","PT35M28S","2016-11-28T05:42:20Z","3.115","54"
"789466861","6427.2","PT32M33S","PT33M41S","2016-11-30T05:20:31Z","3.291","40"
"791170014","5934.7","PT29M56S","PT30M15S","2016-12-02T05:12:08Z","3.304","31"
"792715548","7573.6","PT37M31S","PT38M38S","2016-12-03T21:36:43Z","3.365","45"
"793980442","6549.7","PT33M23S","PT34M1S","2016-12-05T05:20:41Z","3.27","58"
"795728260","6913.7","PT36M4S","PT36M20S","2016-12-07T05:22:53Z","3.195","50"
"797444856","6900.7","PT35M38S","PT36M29S","2016-12-09T05:32:33Z","3.228","49"
"799168952","9197.1","PT47M29S","PT47M52S","2016-12-11T07:36:57Z","3.228","84"
"800204046","6985.7","PT36M36S","PT36M36S","2016-12-12T05:39:49Z","3.181","67"
"801905433","7013.1","PT36M7S","PT36M33S","2016-12-14T05:04:41Z","3.236","31"
"803442325","6338.3","PT32M41S","PT32M49S","2016-12-16T05:06:10Z","3.232","38"
"804655626","7043.6","PT35M25S","PT37M20S","2016-12-17T16:20:26Z","3.315","38"
"806071901","7577.2","PT39M13S","PT40M27S","2016-12-19T07:29:50Z","3.22","54"
"807597378","5676.3","PT29M21S","PT29M42S","2016-12-21T05:31:04Z","3.223","31"
"809278710","6090.8","PT31M11S","PT32M11S","2016-12-23T10:04:25Z","3.255","34"
"810861239","7498.2","PT38M1S","PT39M38S","2016-12-25T09:52:32Z","3.287","64"
"826002884","5479.4","PT29M16S","PT31M2S","2017-01-09T05:01:29Z","3.12","35"
"828129292","6317.1","PT34M16S","PT34M23S","2017-01-11T05:05:44Z","3.073","50"
"830709767","5125.9","PT28M17S","PT28M52S","2017-01-13T18:05:50Z","3.021","33"
"833169748","6958.3","PT36M14S","PT36M18S","2017-01-15T18:17:21Z","3.201","35"
"834606027","5653.5","PT30M19S","PT31M19S","2017-01-17T05:34:14Z","3.108","25"
"836812675","6788.4","PT35M17S","PT37M","2017-01-19T05:31:57Z","3.207","32"
"837854897","7036.3","PT37M7S","PT37M17S","2017-01-20T05:22:26Z","3.16","27"
"840246999","10764.1","PT56M47S","PT57M1S","2017-01-22T10:20:33Z","3.159","79"
"842324285","6013.4","PT32M24S","PT33M49S","2017-01-24T05:41:17Z","3.093","36"
"843458372","5961.7","PT31M39S","PT31M44S","2017-01-25T05:30:36Z","3.139","46"
"845597958","5556.9","PT28M35S","PT28M50S","2017-01-27T05:56:10Z","3.24","31"
"847406104","7568.8","PT38M8S","PT38M33S","2017-01-28T20:09:41Z","3.308","42"
"849074613","5374.3","PT27M59S","PT28M21S","2017-01-30T05:51:28Z","3.201","34"
"851256271","6826.1","PT35M45S","PT37M2S","2017-02-01T05:25:48Z","3.182","54"
"853423853","5572.7","PT29M29S","PT29M47S","2017-02-03T05:41:21Z","3.15","32"
"855861183","7027.8","PT34M38S","PT35M24S","2017-02-05T11:08:51Z","3.382","36"
"856914162","5853.9","PT29M44S","PT30M32S","2017-02-06T06:15:51Z","3.281","38"
"859055321","6172.4","PT31M42S","PT31M42S","2017-02-08T05:48:34Z","3.245","31"
"861211584","6185.8","PT31M3S","PT31M9S","2017-02-10T05:37:05Z","3.32","31"
"863814986","5344","PT25M46S","PT26M15S","2017-02-12T13:03:09Z","3.457","34"
"864670144","6320.6","PT31M","PT32M","2017-02-13T05:40:15Z","3.398","37"
"866850900","6938.9","PT35M24S","PT35M59S","2017-02-15T05:43:22Z","3.267","47"
"869194071","6013.1","PT29M34S","PT29M41S","2017-02-17T05:47:52Z","3.39","38"
"871769957","5340.3","PT25M30S","PT26M2S","2017-02-19T10:21:37Z","3.49","34"
"873061183","5255","PT26M46S","PT28M26S","2017-02-20T05:57:53Z","3.272","32"
"875368941","5806","PT31M12S","PT31M25S","2017-02-22T05:27:07Z","3.101","31"
"878851004","8278.9","PT41M45S","PT42M40S","2017-02-25T10:50:20Z","3.305","50"
"881270634","5799.3","PT29M25S","PT29M39S","2017-02-27T05:26:47Z","3.286","41"
"883223013","5313.3","PT26M18S","PT26M25S","2017-03-01T05:49:57Z","3.367","34"
"885764882","5592.4","PT27M34S","PT27M57S","2017-03-03T05:42:50Z","3.381","29"
"888341959","6297.9","PT31M7S","PT31M55S","2017-03-05T10:25:45Z","3.373","37"
"889526195","5429.5","PT26M55S","PT27M8S","2017-03-06T05:48:06Z","3.362","34"
"891796650","5792.3","PT30M20S","PT30M31S","2017-03-08T05:16:27Z","3.183","39"
"894230399","6138","PT31M9S","PT31M14S","2017-03-10T06:13:18Z","3.284","23"
"897027981","5664","PT27M54S","PT28M10S","2017-03-12T10:43:52Z","3.384","35"
"898313864","6073.8","PT31M24S","PT31M53S","2017-03-13T05:33:42Z","3.224","41"
"900715426","7416.2","PT37M58S","PT38M5S","2017-03-15T05:30:45Z","3.256","28"
"903276949","6701.3","PT33M45S","PT34M16S","2017-03-17T05:23:16Z","3.309","63"
"905749100","7535.6","PT37M53S","PT38M33S","2017-03-19T09:01Z","3.315","42"
"907162205","6302.3","PT30M59S","PT31M12S","2017-03-20T05:34:10Z","3.39","33"
"909695885","5728.3","PT28M25S","PT28M36S","2017-03-22T05:50:07Z","3.36","38"
"912100422","5694.2","PT28M34S","PT28M41S","2017-03-24T05:34:30Z","3.322","38"
"914796614","5355.8","PT24M42S","PT24M47S","2017-03-26T09:37:56Z","3.614","34"
"916230801","5665.9","PT28M6S","PT28M21S","2017-03-27T05:31:55Z","3.361","38"
"918933556","6372.9","PT32M11S","PT32M35S","2017-03-29T05:22:14Z","3.3","52"
"921598651","4888.1","PT24M34S","PT24M58S","2017-03-31T05:18:27Z","3.316","23"
"924439701","5387.4","PT25M12S","PT25M21S","2017-04-02T10:23:25Z","3.563","34"
"925947485","6381.6","PT32M5S","PT32M5S","2017-04-03T05:19:16Z","3.315","22"
"928694719","5416.7","PT27M19S","PT27M59S","2017-04-05T05:45:37Z","3.305","43"
"933510860","5988.9","PT29M57S","PT30M10S","2017-04-08T18:46:02Z","3.333","30"
"935803156","5408.1","PT27M30S","PT28M19S","2017-04-10T05:38:19Z","3.278","19"
"938600484","5433","PT27M58S","PT28M21S","2017-04-12T06:08:51Z","3.238","43"
"941404637","7060.2","PT34M46S","PT35M46S","2017-04-14T10:05:53Z","3.385","43"
"944304977","7584.9","PT38M58S","PT39M14S","2017-04-16T09:02:15Z","3.244","48"
"945975021","6040.4","PT30M14S","PT31M21S","2017-04-17T11:50:49Z","3.33","35"
"949314567","5203.4","PT25M19S","PT25M34S","2017-04-19T19:16:16Z","3.426","34"
"951154964","5703.6","PT28M17S","PT28M17S","2017-04-21T05:46:49Z","3.361","38"
"954097859","8279.8","PT41M","PT41M9S","2017-04-23T09:40:51Z","3.366","67"
"955696445","7486.9","PT36M24S","PT36M38S","2017-04-24T05:51:01Z","3.428","41"
"958448603","6012.4","PT30M55S","PT30M55S","2017-04-26T05:53:35Z","3.241","53"
"961041839","4914.4","PT25M15S","PT25M28S","2017-04-28T06:34:46Z","3.244","42"
"963884748","5444","PT27M43S","PT27M43S","2017-04-30T08:17:25Z","3.274","37"
"965774041","5338","PT26M16S","PT26M44S","2017-05-01T11:03:50Z","3.387","34"
"968574660","5311.9","PT27M42S","PT27M57S","2017-05-03T05:45:43Z","3.196","23"
"972392576","5389","PT26M1S","PT26M16S","2017-05-05T19:39:57Z","3.452","35"
"976197927","5508.9","PT27M56S","PT28M17S","2017-05-08T05:53:58Z","3.287","32"
"979218230","6336.6","PT31M11S","PT31M30S","2017-05-10T05:35:56Z","3.387","52"
"982385692","5370.7","PT28M1S","PT28M6S","2017-05-12T07:39:31Z","3.195","16"
"985269600","8252.2","PT41M45S","PT42M9S","2017-05-14T08:03:39Z","3.294","44"
"986928242","5373.3","PT27M17S","PT28M23S","2017-05-15T05:40:27Z","3.282","36"
"991321150","5396.8","PT27M13S","PT27M16S","2017-05-17T05:22:40Z","3.305","27"
"995070035","5599.4","PT28M21S","PT28M49S","2017-05-19T05:33:07Z","3.292","42"
"1000834972","5257.7","PT26M19S","PT26M27S","2017-05-22T20:32:12Z","3.33","38"
"1002913839","5658","PT27M35S","PT27M57S","2017-05-24T06:02:24Z","3.419","34"
"1006019052","5873.7","PT29M28S","PT30M9S","2017-05-26T06:10:08Z","3.322","51"
"1009042397","6371.5","PT31M7S","PT31M36S","2017-05-28T07:27:09Z","3.413","44"
"1011793914","7942.3","PT38M38S","PT39M25S","2017-05-29T19:41:33Z","3.426","58"
"1013835295","6113.8","PT30M25S","PT30M31S","2017-05-31T05:32:52Z","3.35","43"
"1017023586","5669.9","PT27M23S","PT28M16S","2017-06-02T05:24:28Z","3.451","47"
"1020397309","5912.6","PT28M51S","PT29M30S","2017-06-04T11:00:35Z","3.416","45"
"1021853452","5811.6","PT28M48S","PT28M55S","2017-06-05T06:11:54Z","3.363","50"
"1024728103","6068.2","PT30M8S","PT30M42S","2017-06-07T05:53:56Z","3.356","46"
"1027775640","6257.7","PT29M41S","PT29M55S","2017-06-09T06:28:05Z","3.514","56"
"1030932376","6728","PT33M30S","PT34M3S","2017-06-11T09:27:25Z","3.347","53"
"1032636785","6043.4","PT30M7S","PT30M17S","2017-06-12T05:34:54Z","3.344","46"
"1035671275","6260","PT31M15S","PT31M25S","2017-06-14T05:38:57Z","3.339","56"
"1038866346","6708.4","PT32M57S","PT33M1S","2017-06-16T05:34:11Z","3.393","61"
"1042079235","6779.1","PT32M57S","PT33M37S","2017-06-18T09:30:08Z","3.429","74"
"1043674268","5870.8","PT29M20S","PT29M40S","2017-06-19T05:33:01Z","3.336","43"
"1046776337","5888.6","PT29M19S","PT29M19S","2017-06-21T05:30:57Z","3.348","43"
"1049870359","5736","PT27M52S","PT28M10S","2017-06-23T06:16:35Z","3.431","48"
"1054564481","5795.9","PT29M24S","PT29M48S","2017-06-26T06:43:22Z","3.286","50"
"1057634874","6467.5","PT33M4S","PT33M59S","2017-06-28T05:45:03Z","3.26","75"
"1060610322","5649.1","PT27M","PT28M45S","2017-06-30T08:32:46Z","3.487","53"
"1063396255","6970","PT33M21S","PT34M7S","2017-07-02T08:45:51Z","3.483","64"
"1065075253","6463.5","PT31M46S","PT32M16S","2017-07-03T06:03:28Z","3.391","56"
"1069220983","6172.3","PT29M28S","PT29M43S","2017-07-05T19:12:10Z","3.491","52"
"1071480033","7898.5","PT39M29S","PT40M32S","2017-07-07T06:19:50Z","3.334","78"
"1074613747","7996.8","PT39M5S","PT39M34S","2017-07-09T09:11:59Z","3.41","76"
"1076317537","6022.9","PT29M8S","PT29M45S","2017-07-10T05:39:49Z","3.446","51"
"1079335920","6580.9","PT30M42S","PT30M59S","2017-07-12T05:15:13Z","3.573","65"
"1082511558","6709","PT32M19S","PT32M30S","2017-07-14T06:22:14Z","3.46","57"
"1085652738","8742.8","PT42M10S","PT42M32S","2017-07-16T08:58:50Z","3.456","80"
"1087372149","7271.7","PT35M8S","PT35M26S","2017-07-17T05:58:30Z","3.45","71"
"1090704005","5722.7","PT27M39S","PT27M57S","2017-07-19T05:43:49Z","3.449","41"
"1093908905","6231.9","PT29M37S","PT29M55S","2017-07-21T06:37:19Z","3.507","57"
"1097091222","7044","PT33M34S","PT34M2S","2017-07-23T09:13:13Z","3.498","52"
"1098745906","6948.2","PT34M32S","PT34M46S","2017-07-24T06:03:55Z","3.353","61"
"1101885708","8236.7","PT40M32S","PT40M36S","2017-07-26T05:35:28Z","3.387","71"
"1105098317","5933","PT28M46S","PT29M22S","2017-07-28T07:04:03Z","3.437","46"
"1108350226","7140.5","PT35M37S","PT36M3S","2017-07-30T09:11:20Z","3.341","58"
"1109918692","6911","PT33M56S","PT34M11S","2017-07-31T04:30:06Z","3.394","54"
"1113237340","7015.9","PT34M28S","PT35M19S","2017-08-02T04:29:39Z","3.393","54"
"1116411791","8034.9","PT39M51S","PT39M51S","2017-08-04T05:30:20Z","3.36","71"
"1119542907","9404.7","PT45M2S","PT45M42S","2017-08-06T07:32:20Z","3.481","98"
"1121259071","6571.4","PT33M16S","PT33M20S","2017-08-07T04:56:08Z","3.292","51"
"1124471976","6533.1","PT31M47S","PT32M19S","2017-08-09T05:55:30Z","3.426","58"
"1134589723","4838.8","PT27M44S","PT27M49S","2017-08-15T08:03:20Z","2.908","68"
"1137947332","5088.6","PT25M33S","PT26M36S","2017-08-17T07:25:12Z","3.319","72"
"1142844934","7162.8","PT37M24S","PT37M26S","2017-08-20T12:20:33Z","3.192","65"
"1144331427","6349.1","PT31M32S","PT32M12S","2017-08-21T09:21:37Z","3.356","55"
"1147434442","6795.8","PT35M18S","PT35M21S","2017-08-23T05:55:21Z","3.209","47"
"1151128257","6848.4","PT33M13S","PT33M40S","2017-08-25T11:40:08Z","3.436","64"
"1154291375","7357.1","PT35M37S","PT35M48S","2017-08-27T09:54:15Z","3.443","60"
"1159232836","6741.1","PT33M59S","PT34M4S","2017-08-30T05:45:34Z","3.306","60"
"1162719682","8368.7","PT41M53S","PT42M19S","2017-09-01T11:54:58Z","3.33","68"
"1165715528","6721","PT32M13S","PT32M27S","2017-09-03T10:09:04Z","3.477","58"
"1167341733","6045.2","PT29M42S","PT30M43S","2017-09-04T06:04:30Z","3.392","47"
"1170542593","7076.6","PT35M42S","PT35M53S","2017-09-06T05:48:38Z","3.304","50"
"1173685079","6254","PT31M","PT31M","2017-09-08T06:56:42Z","3.362","46"
"1176658471","8944","PT43M35S","PT44M","2017-09-10T06:43:49Z","3.42","85"
"1178528221","5834.3","PT28M24S","PT28M47S","2017-09-11T05:19:38Z","3.424","43"
"1181556633","6492.7","PT31M51S","PT32M14S","2017-09-13T05:31:15Z","3.398","61"
"1184561558","6788.4","PT33M49S","PT34M20S","2017-09-15T05:25:51Z","3.346","47"
"1187533465","8702.1","PT41M56S","PT45M17S","2017-09-17T06:00:23Z","3.459","90"
"1189476779","5352.5","PT27M20S","PT27M42S","2017-09-18T06:10:18Z","3.264","40"
"1192488012","6506.9","PT32M49S","PT32M49S","2017-09-20T05:56:54Z","3.305","35"
"1195548297","6516.1","PT32M28S","PT32M33S","2017-09-22T05:33:40Z","3.345","46"
"1198598261","8628.7","PT42M4S","PT42M12S","2017-09-24T05:50:49Z","3.419","73"
"1200555777","6741.5","PT33M43S","PT34M7S","2017-09-25T05:50:17Z","3.332","52"
"1203669207","7057.3","PT34M8S","PT35M35S","2017-09-27T05:43:58Z","3.446","61"
"1206725018","6707","PT33M15S","PT33M26S","2017-09-29T05:09:50Z","3.362","65"
"1209166591","8625.3","PT40M48S","PT40M48S","2017-09-30T19:30:27Z","3.523","71"
"1211430916","6122.3","PT30M36S","PT30M59S","2017-10-02T05:43:04Z","3.335","63"
"1214309152","7409.8","PT35M36S","PT35M39S","2017-10-04T05:29:22Z","3.469","69"
"1217264586","7286.9","PT36M","PT36M44S","2017-10-06T05:42:01Z","3.374","56"
"1219697464","9045.7","PT42M48S","PT43M29S","2017-10-07T20:06:35Z","3.522","74"
"1221946034","6800.1","PT33M28S","PT34M15S","2017-10-09T05:36:52Z","3.387","53"
"1224852170","7030.4","PT34M1S","PT34M22S","2017-10-11T05:36:50Z","3.445","64"
"1227753108","6878.3","PT33M35S","PT34M14S","2017-10-13T05:32:25Z","3.414","63"
"1230318889","7008.8","PT34M11S","PT34M28S","2017-10-14T20:38:21Z","3.417","59"
"1232587104","6847.2","PT32M49S","PT32M54S","2017-10-16T05:37:37Z","3.478","62"
"1235550968","7151.2","PT34M3S","PT34M28S","2017-10-18T05:21:52Z","3.5","69"
"1238476151","6820.4","PT33M24S","PT33M28S","2017-10-20T06:05:59Z","3.403","48"
"1240778328","7677.6","PT36M39S","PT37M1S","2017-10-21T18:49:25Z","3.491","61"
"1243119036","6181.3","PT29M31S","PT29M31S","2017-10-23T04:57:56Z","3.49","21"
"1246017379","7182","PT34M26S","PT35M36S","2017-10-25T06:27:10Z","3.476","27"
"1251018159","7248","PT34M30S","PT34M30S","2017-10-28T21:06:01Z","3.501","55"
"1253078256","7029.8","PT34M51S","PT35M40S","2017-10-30T05:37:12Z","3.362","78"
"1255798887","6758.6","PT32M48S","PT33M12S","2017-11-01T05:26:29Z","3.434","69"
"1258863977","6835.9","PT33M22S","PT34M34S","2017-11-03T05:59:47Z","3.415","60"
"1261263018","8075.6","PT38M34S","PT38M51S","2017-11-04T19:14:49Z","3.49","61"
"1263424978","5319","PT25M58S","PT26M32S","2017-11-06T06:00:54Z","3.414","39"
"1266148995","7039.5","PT34M7S","PT34M12S","2017-11-08T05:34:05Z","3.439","62"
"1268852373","6712.7","PT33M15S","PT33M15S","2017-11-10T05:45:46Z","3.365","66"
"1271148897","7332","PT35M22S","PT35M52S","2017-11-11T21:00:24Z","3.455","77"
"1273209393","7178.3","PT35M22S","PT35M35S","2017-11-13T05:43:43Z","3.383","60"
"1275901778","7996","PT39M4S","PT39M10S","2017-11-15T05:45:30Z","3.411","73"
"1278590212","6741.6","PT33M26S","PT33M26S","2017-11-17T05:44:21Z","3.361","55"
"1280837345","7621.7","PT36M26S","PT36M45S","2017-11-18T19:47:40Z","3.487","66"
"1290791636","7222.7","PT37M17S","PT37M17S","2017-11-26T06:56:41Z","3.229","79"
"1292368274","7040.7","PT36M30S","PT36M54S","2017-11-27T06:03:13Z","3.215","61"
"1294969115","6848.8","PT33M13S","PT33M29S","2017-11-29T05:39:06Z","3.436","66"
"1297669323","8779.4","PT41M39S","PT41M55S","2017-12-01T11:15:08Z","3.513","66"
"1299442876","8075.8","PT39M1S","PT39M36S","2017-12-02T18:53:34Z","3.45","76"
"1301428688","7110.1","PT34M55S","PT34M55S","2017-12-04T05:44:05Z","3.394","71"
"1303955331","6608.4","PT32M25S","PT32M29S","2017-12-06T05:49:48Z","3.398","50"
"1306385012","8090.5","PT39M42S","PT40M40S","2017-12-08T05:43:52Z","3.397","72"
"1308431535","8381.2","PT41M6S","PT41M41S","2017-12-09T20:24:53Z","3.399","90"
"1310122572","7292.7","PT39M4S","PT39M40S","2017-12-11T07:16:42Z","3.111","57"
"1312278905","7040.8","PT34M55S","PT35M13S","2017-12-13T05:38:57Z","3.361","60"
"1314616464","7613","PT36M1S","PT36M1S","2017-12-15T10:08Z","3.523","65"
"1316071715","8497.1","PT41M2S","PT41M30S","2017-12-16T15:27:16Z","3.451","84"
"1318104032","8070.3","PT40M43S","PT41M13S","2017-12-18T06:19:58Z","3.303","66"
"1320567446","8106.8","PT38M47S","PT39M31S","2017-12-20T09:38:17Z","3.484","63"
"1322903024","7547.1","PT36M23S","PT37M13S","2017-12-22T11:42:06Z","3.457","77"
"1324633763","8094.3","PT38M58S","PT39M3S","2017-12-23T18:44:20Z","3.462","69"
"1326385809","8093.7","PT38M32S","PT38M56S","2017-12-25T07:30:38Z","3.501","66"
"1329022907","8579.2","PT41M8S","PT41M8S","2017-12-27T12:30:24Z","3.476","64"
"1331484349","10528.1","PT49M57S","PT50M15S","2017-12-29T10:00:28Z","3.513","98"
"1333600571","7773.6","PT36M34S","PT36M46S","2017-12-30T19:43:27Z","3.543","64"
"1335851934","8081","PT40M55S","PT41M16S","2018-01-01T12:14:44Z","3.292","59"
"1338437328","6495.9","PT32M2S","PT32M18S","2018-01-03T06:12:24Z","3.38","52"
"1341499390","7418","PT37M11S","PT37M18S","2018-01-05T06:01:55Z","3.325","62"
"1344112070","7260.5","PT34M46S","PT34M46S","2018-01-06T19:28:33Z","3.481","71"
"1346460542","7262.7","PT35M12S","PT35M12S","2018-01-08T05:35:48Z","3.439","57"
"1349588060","7252.8","PT35M2S","PT35M2S","2018-01-10T05:36:43Z","3.45","54"
"1352779083","7267.4","PT34M13S","PT34M13S","2018-01-12T05:31:31Z","3.54","73"
"1355676694","7252.5","PT32M52S","PT32M52S","2018-01-13T21:52:02Z","3.678","74"
"1358048040","7382.1","PT36M3S","PT36M3S","2018-01-15T06:10:46Z","3.413","81"
"1361109741","7536.4","PT35M41S","PT35M41S","2018-01-17T05:43:52Z","3.52","59"
"1364628549","8439.7","PT38M4S","PT38M11S","2018-01-19T14:08:16Z","3.695","67"
"1366081623","8684","PT39M11S","PT39M17S","2018-01-20T12:22:47Z","3.694","69"
"1369223571","7714.8","PT37M58S","PT37M58S","2018-01-22T05:28:35Z","3.387","75"
"1372448225","7257.4","PT34M32S","PT34M48S","2018-01-24T05:29Z","3.503","82"
"1375645303","7731","PT37M25S","PT37M25S","2018-01-26T05:24:48Z","3.444","76"
"1378104750","11064.7","PT51M5S","PT51M25S","2018-01-27T16:37:35Z","3.61","103"
"1380853159","7511","PT36M39S","PT36M44S","2018-01-29T05:17:49Z","3.416","58"
"1384130945","8082.9","PT47M26S","PT47M35S","2018-01-31T05:31:27Z","2.84","68"
"1387364616","7620.3","PT39M56S","PT40M6S","2018-02-02T05:30:51Z","3.18","65"
"1389752515","10705.9","PT49M59S","PT50M9S","2018-02-03T16:36:37Z","3.57","81"
"1392420446","8173.7","PT40M1S","PT40M1S","2018-02-05T05:33:18Z","3.404","84"
"1395509788","8256.5","PT40M4S","PT40M19S","2018-02-07T05:34:47Z","3.434","72"
"1398638322","8745.7","PT41M44S","PT41M49S","2018-02-09T05:31:07Z","3.493","70"
"1401027362","9085.1","PT42M31S","PT42M39S","2018-02-10T16:24:10Z","3.561","82"
"1407301564","7678.2","PT37M43S","PT37M43S","2018-02-14T16:11:51Z","3.393","127"
"1409760703","8076.5","PT39M2S","PT39M20S","2018-02-16T06:59:08Z","3.449","149"
"1412557204","10258.7","PT48M41S","PT48M41S","2018-02-17T19:35:21Z","3.512","117"
"1415099193","9373.6","PT45M2S","PT45M2S","2018-02-19T05:36:07Z","3.469","79"
"1418285460","7527.4","PT34M37S","PT34M37S","2018-02-21T05:23:37Z","3.624","62"
"1421489521","8427.7","PT41M29S","PT41M50S","2018-02-23T06:13:01Z","3.386","77"
"1423931853","9708.1","PT45M45S","PT45M58S","2018-02-24T16:58:38Z","3.537","93"
"1426559929","8105.2","PT38M23S","PT38M32S","2018-02-26T05:24:19Z","3.519","73"
"1429519367","7839.5","PT38M36S","PT38M36S","2018-02-28T05:30:54Z","3.385","67"
"1432233588","9684.5","PT49M6S","PT49M6S","2018-03-02T05:29:02Z","3.287","87"
"1434535396","10690.9","PT50M24S","PT50M30S","2018-03-03T18:37:54Z","3.535","95"
"1437082313","8165.9","PT39M29S","PT39M38S","2018-03-05T05:40:28Z","3.447","90"
"1441000350","8492.6","PT42M15S","PT43M20S","2018-03-07T17:35:19Z","3.35","139"
"1443464551","8875.9","PT44M39S","PT44M51S","2018-03-09T07:17:33Z","3.313","110"
"1446777863","8710.7","PT42M12S","PT42M26S","2018-03-11T06:12:45Z","3.44","80"
"1448813935","8248.2","PT39M59S","PT39M59S","2018-03-12T05:21:14Z","3.438","71"
"1452120577","10731.5","PT50M34S","PT50M51S","2018-03-14T05:25:21Z","3.537","86"
"1455413629","7901.6","PT38M14S","PT38M14S","2018-03-16T05:47:51Z","3.444","71"
"1457888518","11299","PT52M19S","PT52M19S","2018-03-17T17:07:51Z","3.6","76"
"1460431131","8345.1","PT41M7S","PT41M7S","2018-03-19T05:39:23Z","3.383","57"
"1463574259","8200.3","PT38M30S","PT38M30S","2018-03-21T05:41:18Z","3.55","76"
"1470121463","4974.4","PT22M38S","PT22M38S","2018-03-25T06:40:26Z","3.663","34"
"1472351779","6874.4","PT32M11S","PT32M11S","2018-03-26T06:23:47Z","3.56","52"
"1475714025","6949.4","PT31M7S","PT31M7S","2018-03-28T06:24:01Z","3.722","45"
"1479036385","6915.9","PT31M11S","PT31M17S","2018-03-30T06:21:07Z","3.696","48"
"1480863071","6979.9","PT32M18S","PT32M27S","2018-03-31T08:21:35Z","3.602","45"
"1485759514","7772","PT34M58S","PT34M58S","2018-04-02T20:05:31Z","3.704","52"
"1488339860","8251.1","PT38M50S","PT38M50S","2018-04-04T06:14:02Z","3.541","53"
"1491974543","6929.6","PT32M25S","PT32M48S","2018-04-06T07:30:51Z","3.563","50"
"1493557957","8193.4","PT38M30S","PT38M37S","2018-04-07T06:59:55Z","3.547","59"
"1498012663","7409.2","PT36M26S","PT36M33S","2018-04-09T07:51:36Z","3.389","50"
"1504100397","8542.2","PT39M27S","PT39M27S","2018-04-12T16:40:53Z","3.609","53"
"1505335786","7842.7","PT35M30S","PT35M45S","2018-04-13T06:52Z","3.682","52"
"1507019345","7436","PT34M52S","PT34M52S","2018-04-14T09:48:18Z","3.554","53"
"1511398195","8326.5","PT37M26S","PT37M40S","2018-04-16T07:43:30Z","3.707","57"
"1515178313","8392","PT37M55S","PT38M18S","2018-04-18T06:48:02Z","3.689","56"
"1519529829","6912.9","PT32M23S","PT32M34S","2018-04-20T08:50:49Z","3.558","45"
"1523654790","9891.9","PT46M27S","PT46M59S","2018-04-22T05:29:44Z","3.549","81"
"1526257736","8988.6","PT43M26S","PT43M34S","2018-04-23T05:32:48Z","3.449","84"
"1530247227","9383.7","PT45M35S","PT45M42S","2018-04-25T05:43:38Z","3.431","104"
"1534186038","8792.8","PT44M9S","PT44M16S","2018-04-27T05:57:47Z","3.319","95"
"1537983692","8124.2","PT38M33S","PT38M33S","2018-04-29T05:41:29Z","3.512","75"
"1540275565","9354","PT44M9S","PT44M16S","2018-04-30T05:42:15Z","3.531","81"
"1544469717","8560.3","PT39M41S","PT39M41S","2018-05-02T05:33:15Z","3.595","71"
"1548367711","9741.5","PT45M7S","PT45M23S","2018-05-04T05:28:06Z","3.599","69"
"1550422417","11674.4","PT52M48S","PT53M13S","2018-05-05T09:12:45Z","3.685","110"
"1555014861","8245.4","PT37M33S","PT37M33S","2018-05-07T05:47:55Z","3.66","61"
"1559310491","9019.7","PT40M18S","PT40M33S","2018-05-09T05:17:21Z","3.73","74"
"1563554226","9084.8","PT42M4S","PT42M12S","2018-05-11T05:43:57Z","3.599","79"
"1566256778","12963.9","PT1H33S","PT1H33S","2018-05-12T07:51:38Z","3.568","106"
"1570804968","9304.4","PT43M3S","PT43M3S","2018-05-14T05:36:18Z","3.602","78"
"1575082905","10148.8","PT45M55S","PT46M29S","2018-05-16T05:15:13Z","3.684","95"
"1579256510","10149.5","PT47M","PT47M","2018-05-18T05:53:16Z","3.599","113"
"1581401227","13635.2","PT1H1M27S","PT1H1M46S","2018-05-19T09:55Z","3.698","140"
"1585759604","10147","PT46M1S","PT46M20S","2018-05-21T05:22:11Z","3.675","81"
"1590160937","9530.2","PT43M33S","PT43M35S","2018-05-23T05:28:21Z","3.647","78"
"1594415412","11690","PT54M2S","PT54M13S","2018-05-25T05:40:18Z","3.606","143"
"1596193563","10701.2","PT50M1S","PT50M1S","2018-05-26T06:15:37Z","3.566","116"
"1600870897","10193","PT46M42S","PT46M42S","2018-05-28T05:21:49Z","3.638","81"
"1605116119","9828.4","PT46M6S","PT46M6S","2018-05-30T05:29:11Z","3.553","84"
"1609355524","10701.7","PT48M2S","PT48M2S","2018-06-01T05:17:44Z","3.713","89"
"1611168962","13039.8","PT57M41S","PT57M41S","2018-06-02T06:23:45Z","3.768","136"
"1616050069","10030.5","PT44M14S","PT44M46S","2018-06-04T05:14:16Z","3.779","80"
"1620188065","10884.9","PT48M38S","PT48M38S","2018-06-06T05:18:47Z","3.73","107"
"1624450599","11281.2","PT51M57S","PT51M57S","2018-06-08T05:20:42Z","3.619","93"
"1626636004","11043.2","PT48M29S","PT48M43S","2018-06-09T10:28:32Z","3.796","108"
"1631066785","10035.8","PT45M53S","PT46M5S","2018-06-11T05:12:44Z","3.645","112"
"1635264102","10780.2","PT49M11S","PT49M18S","2018-06-13T05:33:31Z","3.653","97"
"1639340073","10682.1","PT49M25S","PT49M25S","2018-06-15T05:16:20Z","3.603","93"
"1641493172","12138.2","PT56M10S","PT56M18S","2018-06-16T09:43:30Z","3.602","147"
"1645780762","10023.2","PT47M27S","PT47M27S","2018-06-18T05:25:12Z","3.521","84"
"1649913041","11298.7","PT51M31S","PT51M31S","2018-06-20T05:14:14Z","3.655","113"
"1654153992","12938","PT58M16S","PT58M16S","2018-06-22T05:27:52Z","3.701","116"
"1655973864","14860.1","PT1H9M9S","PT1H9M13S","2018-06-23T06:42:52Z","3.582","146"
"1660563816","10846.5","PT49M15S","PT49M15S","2018-06-25T05:22:17Z","3.671","89"
"1664849661","10449.7","PT46M50S","PT46M50S","2018-06-27T05:22:04Z","3.719","93"
"1668994393","10486.8","PT50M17S","PT50M17S","2018-06-29T05:33:44Z","3.476","89"
"1670905028","11497.5","PT56M20S","PT56M39S","2018-06-30T07:09:30Z","3.402","90"
"1675391843","10374.3","PT48M18S","PT48M18S","2018-07-02T05:27:18Z","3.58","107"
"1679595346","10678.6","PT48M58S","PT48M58S","2018-07-04T05:32:23Z","3.635","86"
"1683905828","10515.8","PT48M30S","PT48M30S","2018-07-06T05:25:37Z","3.614","91"
"1685713499","11039.2","PT50M57S","PT50M57S","2018-07-07T06:18:04Z","3.611","107"
